group,role,count,tobj_mean,tobj_std,tobj_min,tobj_p25,tobj_p50,tobj_p75,tobj_p90,tobj_max,tunk_mean,tunk_std,tunk_min,tunk_p25,tunk_p50,tunk_p75,tunk_p90,tunk_max,max_known_iou_mean,max_known_iou_std,max_known_iou_min,max_known_iou_p25,max_known_iou_p50,max_known_iou_p75,max_known_iou_p90,max_known_iou_max,best_full_iou_mean,best_full_iou_std,best_full_iou_min,best_full_iou_p25,best_full_iou_p50,best_full_iou_p75,best_full_iou_p90,best_full_iou_max,best_target_iou_mean,best_target_iou_std,best_target_iou_min,best_target_iou_p25,best_target_iou_p50,best_target_iou_p75,best_target_iou_p90,best_target_iou_max,max_known_score_mean,max_known_score_std,max_known_score_min,max_known_score_p25,max_known_score_p50,max_known_score_p75,max_known_score_p90,max_known_score_max,tunk_minus_tobj_mean,tunk_minus_tobj_std,tunk_minus_tobj_min,tunk_minus_tobj_p25,tunk_minus_tobj_p50,tunk_minus_tobj_p75,tunk_minus_tobj_p90,tunk_minus_tobj_max,tunk_over_tobj_mean,tunk_over_tobj_std,tunk_over_tobj_min,tunk_over_tobj_p25,tunk_over_tobj_p50,tunk_over_tobj_p75,tunk_over_tobj_p90,tunk_over_tobj_max
__BACKGROUND__|stride16,background,676477,0.04805152228502046,0.08303134756615567,0.010000023059546947,0.013676800765097141,0.02101380191743374,0.04206151142716408,0.09862098842859268,0.9436383247375488,0.0331425727738032,0.06580498710862104,3.7667723518097773e-06,0.005058704409748316,0.010676220990717411,0.028165854513645172,0.08020223230123523,0.9281983375549316,0.04917345814464605,0.10560797877343273,0.0,0.0,0.0,0.03597768396139145,0.18556392192840576,0.4999903440475464,0.06195683181194943,0.1151020573769932,0.0,0.0,0.0,0.06516347080469131,0.237297970056534,0.5019594430923462,0.016167401007786852,0.06123836533622739,0.0,0.0,0.0,0.0,0.02813548520207409,0.49993810057640076,0.013066716211356431,0.062239032604582356,2.1002364292144193e-08,1.8349192032474093e-05,0.0001399390457663685,0.0015291636809706688,0.022659372910857213,0.9884606599807739,-0.014908949513940076,0.04409969256062242,-0.8636444807052612,-0.014808619394898415,-0.008924184367060661,-0.0050110770389437675,0.0012391045689582828,0.521228015422821,0.5781231952833372,0.36745841331500645,0.0002041089319391176,0.31458780169487,0.5414546132087708,0.7786057591438293,1.0358214616775512,5.297857284545898
__BACKGROUND__|stride32,background,253837,0.03505874917536187,0.0496095620710637,0.010000131092965603,0.014114800840616226,0.021365566179156303,0.036853086203336716,0.06456615775823592,0.940394937992096,0.023570206306659288,0.041067709578885135,1.0650815966073424e-05,0.005657877307385206,0.01094893366098404,0.024308601394295692,0.05222523063421248,0.894560694694519,0.04329458340048331,0.09255478016115169,0.0,0.0,0.001590802799910307,0.03491726890206337,0.14556091427803033,0.4999713897705078,0.057231546088565795,0.10576512759957159,0.0,0.0,0.005311895627528429,0.0588439479470253,0.20206249356269834,0.5006664395332336,0.01894041870883551,0.06557628335784779,0.0,0.0,0.0,0.0004425531078595668,0.039418235421180725,0.4999965727329254,0.004034370057936819,0.028962148044286116,6.464878765655158e-08,5.595074071607087e-06,2.1469628336490132e-05,0.00013985061377752572,0.004077402129769319,0.991319477558136,-0.01148854286720534,0.026792021401900575,-0.8146927356719971,-0.013158069923520088,-0.008676066994667053,-0.005608817562460899,-0.001231675595045092,0.30448266863822937,0.5695699387532035,0.30580866332520784,0.0008623993489891291,0.36839643120765686,0.5384109616279602,0.7392878532409668,0.9626541376113892,3.3161582946777344
__BACKGROUND__|stride8,background,1490254,0.03288236798755561,0.0450780285851047,0.01000000350177288,0.012810584157705307,0.018097187392413616,0.03224503993988037,0.06574917808175086,0.9295939803123474,0.019261891481557856,0.04253790146462926,2.622280408104416e-05,0.0029860963113605976,0.006446594139561057,0.016082503832876682,0.043914906308054905,0.9368292689323425,0.05057928370075751,0.10696669380730399,0.0,0.0,0.0,0.03974101319909096,0.19426569491624823,0.4999864995479584,0.05882724466543115,0.11329567252862338,0.0,0.0,0.0,0.052666302770376205,0.2311078250408172,0.5128951072692871,0.010982542087235283,0.050677427981757124,0.0,0.0,0.0,0.0,0.012062779255211344,0.4999981224536896,0.02488591996990592,0.07683644798561023,1.3654148034447644e-08,0.00013968461280455813,0.0008692520787008107,0.009330743690952659,0.062806786596775,0.9752349257469177,-0.013620476506318821,0.02156806442769945,-0.615601658821106,-0.016040791291743517,-0.010574075859040022,-0.0075682662427425385,-0.0037047623656690136,0.5038400292396545,0.4322631294986812,0.3246847026270254,0.0024767538998275995,0.1939152516424656,0.36480385065078735,0.5863327383995056,0.8549199104309082,4.9953813552856445
animal|stride16,unknown,391,0.2831235769445367,0.299026912186543,0.01000200118869543,0.030889329500496387,0.1254313886165619,0.5280572772026062,0.7926749587059021,0.9661933779716492,0.08605856710726031,0.12301422129341386,0.0003204555541742593,0.006719463272020221,0.027850929647684097,0.1278569996356964,0.22243496775627136,0.774904727935791,0.0332518814109585,0.09511728070230449,0.0,0.0,0.0,0.0,0.1025579571723938,0.4774107038974762,0.7586867103491293,0.15739537172597703,0.5001879334449768,0.6042356193065643,0.7652745246887207,0.9151837825775146,0.9527654647827148,0.9938110709190369,0.7586867103491293,0.15739537172597703,0.5001879334449768,0.6042356193065643,0.7652745246887207,0.9151837825775146,0.9527654647827148,0.9938110709190369,0.022913569237545717,0.07848008341901996,1.3390686035563704e-05,0.0007260215061251074,0.003557350020855665,0.013463017530739307,0.048767052590847015,0.946074903011322,-0.19706500965930387,0.22336576932904761,-0.7631551027297974,-0.33898302912712097,-0.07904398441314697,-0.020347938872873783,-0.010530888102948666,0.06785941123962402,0.27603960213491985,0.19207989545167248,0.027861658483743668,0.15226971358060837,0.22218075394630432,0.34904123842716217,0.5147120356559753,1.2511632442474365
animal|stride32,unknown,28,0.1335739399239953,0.26783831794993157,0.010602759197354317,0.017140784300863743,0.027997354976832867,0.06028447486460209,0.4003815397620205,0.940394937992096,0.08045302408780637,0.19518094385604184,0.0008153186645358801,0.002522915252484381,0.007021553115919232,0.018112733494490385,0.21454439461231248,0.7409201264381409,0.004952032451650926,0.020943282109253347,0.0,0.0,0.0,0.0,0.0,0.11028669029474258,0.6817025010074887,0.14171333386778298,0.5100443363189697,0.5741496235132217,0.6332385838031769,0.765257403254509,0.9592007219791412,0.9793071746826172,0.6817025010074887,0.14171333386778298,0.5100443363189697,0.5741496235132217,0.6332385838031769,0.765257403254509,0.9592007219791412,0.9793071746826172,0.007201771669315349,0.013553152557041684,9.633007721276954e-06,0.00044247895857552066,0.002536863903515041,0.00549466535449028,0.017749445047229535,0.05825980752706528,-0.053120916044073443,0.0868634215476691,-0.42222240567207336,-0.041315993294119835,-0.019824443385004997,-0.013656755210831761,-0.011192732863128186,-0.008290145546197891,0.3057014151875462,0.20093245244131455,0.07008915394544601,0.15388553217053413,0.22081279754638672,0.40942569822072983,0.6043222784996033,0.7912893295288086
animal|stride8,unknown,1871,0.17100427583365724,0.21328486738926333,0.010008948855102062,0.020589512772858143,0.058438491076231,0.25886373221874237,0.5286498665809631,0.9295939803123474,0.10355776100870283,0.17071717192428487,0.000242620226345025,0.0037178376223891973,0.015598277561366558,0.12732546776533127,0.34598520398139954,0.9340736269950867,0.011269252622793246,0.0468133493663295,0.0,0.0,0.0,0.0,0.005229537840932608,0.4532867670059204,0.730552768051019,0.12260913794727157,0.5000384449958801,0.627658873796463,0.7368571758270264,0.8346148431301117,0.8899954557418823,0.9763662815093994,0.730552768051019,0.12260913794727157,0.5000384449958801,0.627658873796463,0.7368571758270264,0.8346148431301117,0.8899954557418823,0.9763662815093994,0.02969116038482649,0.07781548727011138,3.5658838442031993e-06,0.000704378675436601,0.00271757785230875,0.015441535506397486,0.08149726688861847,0.8403356671333313,-0.06744651495564165,0.07877668118945388,-0.4454408884048462,-0.09839671477675438,-0.031759653240442276,-0.014049600809812546,-0.009750353172421455,0.17711389064788818,0.37760900718596513,0.26310630724132655,0.020762436091899872,0.16333846002817154,0.30841511487960815,0.534439355134964,0.7731077075004578,1.4447628259658813
bus|stride16,novel,10696,0.42599972952796367,0.3056932180062496,0.01003297045826912,0.07944670133292675,0.4746420979499817,0.7073919773101807,0.812330424785614,0.9463853240013123,0.4063098022264356,0.3032665000408192,0.00016671873163431883,0.06865465641021729,0.4250153750181198,0.6802375912666321,0.8167807757854462,0.9575217962265015,0.0917630138256549,0.09849604034358697,0.0,0.001974211656488478,0.0638231448829174,0.1520461067557335,0.2316131591796875,0.4981192648410797,0.8459580571752211,0.1337662996249174,0.5002840161323547,0.7779949754476547,0.9003383815288544,0.9466645568609238,0.9681137204170227,0.9971820712089539,0.8459580571752211,0.1337662996249174,0.5002840161323547,0.7779949754476547,0.9003383815288544,0.9466645568609238,0.9681137204170227,0.9971820712089539,0.02962713369839076,0.08085693884739649,2.7426546012065955e-07,0.0006487844657385722,0.002924452070146799,0.019819701090455055,0.07575698569417,0.9755204916000366,-0.01968992726212798,0.11990371294595745,-0.7609188556671143,-0.0442626029253006,-0.004707718500867486,0.045560985803604126,0.10401686653494835,0.2456340789794922,0.9172076670089514,0.3572290137644107,0.010555610060691833,0.6936167180538177,0.9690268933773041,1.1175923645496368,1.313759207725525,2.782313823699951
bus|stride32,novel,8514,0.445198287847628,0.2398916765022756,0.01000069361180067,0.30471349507570267,0.5081265270709991,0.6160160452127457,0.718325138092041,0.9303914904594421,0.40298550238899067,0.23861848623269982,6.501495954580605e-05,0.22492358833551407,0.45212477445602417,0.5782509595155716,0.6829883396625517,0.9346731901168823,0.05323475446176768,0.09274187951099215,0.0,0.0,0.004618271254003048,0.0639041680842638,0.19819320738315582,0.4969724416732788,0.8961837070422859,0.13780632362109588,0.5002851486206055,0.888495922088623,0.9608581364154816,0.9827451705932617,0.9916934669017792,0.9994605183601379,0.8961837070422859,0.13780632362109588,0.5002851486206055,0.888495922088623,0.9608581364154816,0.9827451705932617,0.9916934669017792,0.9994605183601379,0.023801517974321736,0.06765060604227349,1.0060240356324357e-06,0.0004677014658227563,0.0018150395480915904,0.01262692827731371,0.0639664091169834,0.984284520149231,-0.042212785449544515,0.09998282106180431,-0.7810280919075012,-0.0903402641415596,-0.02341040875762701,0.011597171425819397,0.07163113355636597,0.3168855309486389,0.8324785733221167,0.29248584489632984,0.004162273835390806,0.6792724281549454,0.8860398828983307,1.0282747149467468,1.1472870588302613,2.3758959770202637
bus|stride8,novel,12154,0.10748311781382835,0.11637122350750914,0.010000277310609818,0.019992526154965162,0.05468218773603439,0.16118590533733368,0.2919666290283205,0.6492081880569458,0.07087777024557543,0.09900234205145438,0.00025596347404643893,0.005474052741192281,0.02321578562259674,0.10089692287147045,0.2115983694791794,0.6491160988807678,0.0928064073900342,0.10164145912156095,0.0,0.004043513326905668,0.058318961411714554,0.14900100231170654,0.24030551016330723,0.49912533164024353,0.7797746232304503,0.13074861798046822,0.5000395178794861,0.6797422766685486,0.8099169731140137,0.889671802520752,0.9313802123069763,0.9927657842636108,0.7797746232304503,0.13074861798046822,0.5000395178794861,0.6797422766685486,0.8099169731140137,0.889671802520752,0.9313802123069763,0.9927657842636108,0.04658145882916079,0.09297780229833816,1.5707399825259927e-06,0.0020977130043320358,0.010150485672056675,0.04522685054689646,0.13143147677183187,0.9127069115638733,-0.03660534755352861,0.052934508929352954,-0.493727445602417,-0.04910196177661419,-0.019183246418833733,-0.010057869600132108,-0.004369099345058193,0.23145896196365356,0.49638640435719955,0.31994369491304603,0.015502115711569786,0.23678044602274895,0.4377848505973816,0.6923522502183914,0.9473694741725924,2.0665817260742188
concrete_mixer|stride16,unknown,85,0.1895277231493417,0.2098756514795344,0.010112925432622433,0.023284442722797394,0.10258303582668304,0.2907373309135437,0.5593532919883732,0.819818377494812,0.14400824529721457,0.18335059916518068,0.001590328523889184,0.009422117844223976,0.04481523483991623,0.2766519784927368,0.4021029889583588,0.7137894630432129,0.06599147222004831,0.08048124435319069,0.0,0.0,0.02010483294725418,0.11472924053668976,0.1755291521549226,0.3968653976917267,0.7500145421308629,0.14709387304323449,0.5032913088798523,0.6190253496170044,0.7350038886070251,0.8828675746917725,0.9433557868003846,0.9816299080848694,0.7500145421308629,0.14709387304323449,0.5032913088798523,0.6190253496170044,0.7350038886070251,0.8828675746917725,0.9433557868003846,0.9816299080848694,0.010147979325291304,0.02492780067950281,3.2965221180347726e-05,0.0005807060515508056,0.002765810349956155,0.0071304296143352985,0.021549395471811325,0.17602235078811646,-0.045519477994564704,0.07894414681601891,-0.32608863711357117,-0.07241649180650711,-0.01995972916483879,-0.00621403381228447,0.03471153974533082,0.0791797935962677,0.608212748958784,0.3368615449790931,0.08449221402406693,0.31556397676467896,0.6091770529747009,0.8213593363761902,1.1193915367126468,1.3126469850540161
concrete_mixer|stride32,unknown,27,0.1641604277063851,0.12368521709617976,0.011176097206771374,0.07830676063895226,0.1049584224820137,0.22665350884199142,0.3637647330760957,0.4106219410896301,0.1098330484841157,0.09827596534587112,0.003536366391927004,0.04403777793049812,0.08865448832511902,0.12428321316838264,0.264439180493355,0.3717712163925171,0.022685801351649895,0.034012731738710146,0.0,0.0,0.006139213219285011,0.025091063231229782,0.08193451166152954,0.11565800756216049,0.7880028287569681,0.16256367556909312,0.5107452273368835,0.6752094030380249,0.8170674443244934,0.8955807983875275,0.9754115104675293,0.9841074347496033,0.7880028287569681,0.16256367556909312,0.5107452273368835,0.6752094030380249,0.8170674443244934,0.8955807983875275,0.9754115104675293,0.9841074347496033,0.008385591475180936,0.011855141008189305,6.343496352201328e-05,0.000205175434530247,0.001382497837767005,0.011306563392281532,0.025009389221668257,0.04687059670686722,-0.0543273793257497,0.07007263801435112,-0.26680436730384827,-0.10421381518244743,-0.02384982816874981,-0.011956904083490372,0.012577956914901746,0.07089585065841675,0.6559216871305749,0.3110818200276169,0.23129256069660187,0.41638725996017456,0.5562035441398621,0.8269633054733276,1.136593556404114,1.3390088081359863
concrete_mixer|stride8,unknown,23,0.1156193786908103,0.1609262972982619,0.011372554115951061,0.01878354884684086,0.04346441850066185,0.11837178841233253,0.29832725226879125,0.60249924659729,0.0477130563079339,0.06857054140843416,0.001071506179869175,0.0045309048146009445,0.02241956815123558,0.06017295457422733,0.17746925950050363,0.22847440838813782,0.049286557280499,0.07457984148768045,0.0,0.0,0.012122600339353085,0.07237986847758293,0.14251760840415958,0.3056364953517914,0.7030304618503737,0.14584229343091254,0.5034417510032654,0.5714591443538666,0.6927213072776794,0.8406221270561218,0.9202906489372253,0.9342331290245056,0.7030304618503737,0.14584229343091254,0.5034417510032654,0.5714591443538666,0.6927213072776794,0.8406221270561218,0.9202906489372253,0.9342331290245056,0.013348095715628006,0.024650233899758425,4.3198993807891384e-05,0.0011456345091573894,0.004731648601591587,0.00809168815612793,0.03532198444008827,0.10671503841876984,-0.06790632240312255,0.09810190219325625,-0.3740248382091522,-0.05916063115000725,-0.02154216729104519,-0.01449651038274169,-0.011695626005530356,0.0004479512572288513,0.34873616177102795,0.20677771092368857,0.08595102280378342,0.22159285098314285,0.27891331911087036,0.46784891188144684,0.5419051647186279,1.006083607673645
crane_truck|stride16,novel,140,0.1075925852704261,0.1432488679290403,0.010687942616641521,0.023549558594822884,0.037757936865091324,0.12545510195195675,0.28467518985271456,0.7360379099845886,0.09648207001654165,0.12897590081315044,0.0034115370362997055,0.015574711374938488,0.041179534047842026,0.11462397873401642,0.3079552531242371,0.6055842638015747,0.042690049903467295,0.06721918494780273,0.0,0.0,0.015814610291272402,0.07314162701368332,0.12442214116454126,0.3617572486400604,0.7823245146444866,0.14346408419176856,0.5012471079826355,0.6731929630041122,0.8104881942272186,0.9062379449605942,0.953079879283905,0.9819786548614502,0.7823245146444866,0.14346408419176856,0.5012471079826355,0.6731929630041122,0.8104881942272186,0.9062379449605942,0.953079879283905,0.9819786548614502,0.0024863523453924636,0.007821410106206728,5.1679521675396245e-06,0.00014033285333425738,0.00029604288283735514,0.000975829956587404,0.004491918999701746,0.06991147994995117,-0.011110515260536755,0.054015087008601095,-0.26956233382225037,-0.0165407657623291,-0.0059329792857170105,0.005982253700494766,0.04428605064749719,0.135936439037323,0.8459983053484134,0.3558435992557688,0.10678232461214066,0.5625811219215393,0.8326181769371033,1.100244253873825,1.302108156681061,1.6580595970153809
crane_truck|stride32,novel,33,0.10756153545596382,0.12188503288131952,0.011346276849508286,0.020097559317946434,0.0391172356903553,0.20640811324119568,0.2949800491333008,0.38317638635635376,0.08620553785779823,0.11405799875710644,0.0011449296725913882,0.014040479436516762,0.027774536982178688,0.1281052827835083,0.2924959212541581,0.37412792444229126,0.04661291466574326,0.0652666239668427,0.0,0.0,0.013235549442470074,0.06774380803108215,0.15283981859683995,0.2489241659641266,0.8145036932193872,0.13695288073338974,0.6071379780769348,0.6565074920654297,0.8355766534805298,0.9260468482971191,0.982760488986969,0.9930676817893982,0.8145036932193872,0.13695288073338974,0.6071379780769348,0.6565074920654297,0.8355766534805298,0.9260468482971191,0.982760488986969,0.9930676817893982,0.005820324923137598,0.012814222408461058,6.620216299779713e-05,0.00045672929263673723,0.0023222805466502905,0.004202906042337418,0.012462778575718406,0.07137882709503174,-0.02135599765813712,0.030738700832763647,-0.13520145416259766,-0.024836352095007896,-0.010304523631930351,-0.007869681343436241,0.00038911234587431557,0.03106909990310669,0.6773089888420972,0.2643893944879614,0.08993242681026459,0.5474936962127686,0.6836605072021484,0.80677330493927,1.0577011823654177,1.1110539436340332
crane_truck|stride8,novel,40,0.08946674400940538,0.09253029430824139,0.010278352536261082,0.01671419106423855,0.058132827281951904,0.11698924750089645,0.2755751639604569,0.30140483379364014,0.07492753146216273,0.10253800684540545,0.0021411178167909384,0.008195866830646992,0.020303758792579174,0.10637384094297886,0.17487128823995593,0.38936033844947815,0.03504855767459958,0.05795025073782131,0.0,0.0,0.00881898496299982,0.04828128032386303,0.09662599638104438,0.23248173296451569,0.698425330221653,0.13575572014659565,0.5007504820823669,0.5711899101734161,0.7122091352939606,0.7991397678852081,0.8662671923637391,0.9578218460083008,0.698425330221653,0.13575572014659565,0.5007504820823669,0.5711899101734161,0.7122091352939606,0.7991397678852081,0.8662671923637391,0.9578218460083008,0.008173845712190087,0.02356665616817769,2.9005830583628267e-05,0.00047102873941184953,0.0011580543941818178,0.005243827705271542,0.018887471966445447,0.14823421835899353,-0.014539212442468852,0.050335810344453884,-0.20003122091293335,-0.01761529501527548,-0.009986106306314468,-0.004561669193208218,0.029927787184715303,0.09704762697219849,0.6300865054130554,0.3594605829135228,0.11314347386360168,0.3371804356575012,0.5463461875915527,0.9248204678297043,1.1705005884170532,1.5448378324508667
excavator|stride16,novel,186,0.20482778165649662,0.19964732259922527,0.010089924558997154,0.032066269777715206,0.1252981200814247,0.3580564484000206,0.5125408470630646,0.7615249752998352,0.12140907535845194,0.14802687937516176,0.002102399244904518,0.017096828669309616,0.07139847055077553,0.16237622499465942,0.3128418028354645,0.7098503112792969,0.04574872168426913,0.06786962734773849,0.0,0.0,0.0,0.07734436728060246,0.15845276415348053,0.33922678232192993,0.7676109549819782,0.13927121974141088,0.502399742603302,0.6641925126314163,0.7976475059986115,0.8941643089056015,0.9339704215526581,0.9883469343185425,0.7676109549819782,0.13927121974141088,0.502399742603302,0.6641925126314163,0.7976475059986115,0.8941643089056015,0.9339704215526581,0.9883469343185425,0.02649839538699653,0.04833418309617691,2.00757658603834e-05,0.000896182973519899,0.004442709730938077,0.02551921270787716,0.08630482107400894,0.2489151805639267,-0.08341870584114584,0.11453215894381755,-0.5145139694213867,-0.12394697219133377,-0.03428514115512371,-0.009222288150340319,-0.0032085776329040527,0.1343129575252533,0.5808217275927785,0.3068910784987762,0.09904724359512329,0.32740873098373413,0.5227765142917633,0.7381490170955658,0.9659299850463867,1.525939702987671
excavator|stride32,novel,41,0.20768297504542804,0.14535410924841702,0.01032725628465414,0.05387287959456444,0.2434634119272232,0.3174576759338379,0.3915649652481079,0.5555353164672852,0.11321978083607263,0.09704485416079185,0.0040144966915249825,0.03444739058613777,0.07495550811290741,0.15684302151203156,0.2597024142742157,0.337597131729126,0.04283417075327257,0.08185408742466203,0.0,0.0,0.0,0.06154113635420799,0.10900160670280457,0.35429635643959045,0.8273601953576251,0.15569243830145513,0.5237945318222046,0.730126678943634,0.8820837736129761,0.9632044434547424,0.9849629998207092,0.9927234053611755,0.8273601953576251,0.15569243830145513,0.5237945318222046,0.730126678943634,0.8820837736129761,0.9632044434547424,0.9849629998207092,0.9927234053611755,0.026622527508241147,0.05308884504903642,2.6714194973465055e-05,0.0009597030002623796,0.006186188198626041,0.03091725893318653,0.04281226918101311,0.29125580191612244,-0.09446319308495377,0.08315572878576953,-0.30709415674209595,-0.13638940453529358,-0.08585202693939209,-0.01495034247636795,-0.009541710838675499,0.00931490957736969,0.5421768306958966,0.2203843926712237,0.18339672684669495,0.3520820736885071,0.5541672706604004,0.6568905711174011,0.7939861416816711,1.072516918182373
excavator|stride8,novel,47,0.07193737778257817,0.08190441968937319,0.010827821679413319,0.018528093583881855,0.0434984490275383,0.09766019880771637,0.14347210824489587,0.3466058671474457,0.03178670980095705,0.04963070140052063,0.00047148799058049917,0.003295619855634868,0.01025997381657362,0.0345707181841135,0.08141376823186873,0.2789732813835144,0.04780325967263668,0.07150454781708666,0.0,0.0,0.0,0.08150884136557579,0.12752590477466583,0.3318417966365814,0.6827885204173149,0.13272957629851848,0.5025702714920044,0.5653850138187408,0.6736478209495544,0.8045682311058044,0.8627097964286804,0.9337121248245239,0.6827885204173149,0.13272957629851848,0.5025702714920044,0.5653850138187408,0.6736478209495544,0.8045682311058044,0.8627097964286804,0.9337121248245239,0.017343999077987046,0.027350786415406152,0.00023054781195241958,0.0014499325188808143,0.005754498299211264,0.022246090695261955,0.04262560829520225,0.14932265877723694,-0.04015066771906741,0.046878028784109016,-0.23274844884872437,-0.04068032093346119,-0.023935623466968536,-0.011110738385468721,-0.009361312724649906,3.968179225921631e-05,0.35167071853387866,0.23159027941915467,0.028627043589949608,0.16638264060020447,0.2869342267513275,0.4717891812324524,0.6728502511978147,1.0003994703292847
pole|stride16,unknown,1354,0.29591803187490656,0.23292788600604947,0.010030810721218586,0.04379993584007025,0.302978053689003,0.4940599203109741,0.6173301875591278,0.8577123880386353,0.2196168208370027,0.18071913883092075,0.00031120568746700883,0.02709461934864521,0.23081257939338684,0.36287587136030197,0.4668332666158676,0.7332017421722412,0.01993333651840964,0.03775467641927182,0.0,0.0,0.0029282158939167857,0.026583310682326555,0.055906354635953906,0.3898133337497711,0.6705182188987028,0.10423523310793854,0.5000836253166199,0.5966546088457108,0.6544428765773773,0.7200098037719727,0.8164162158966065,0.9836234450340271,0.6705182188987028,0.10423523310793854,0.5000836253166199,0.5966546088457108,0.6544428765773773,0.7200098037719727,0.8164162158966065,0.9836234450340271,0.0037748469908200654,0.0055072654069695725,3.0560267987311818e-06,0.00031363338348455727,0.001693136931862682,0.005128174205310643,0.010323464591056111,0.07861661165952682,-0.07630121105617432,0.06755516860226228,-0.250224769115448,-0.13547315448522568,-0.058609142899513245,-0.01329814875498414,-0.007031867746263742,0.11505420506000519,0.6741892012328657,0.19593042588748869,0.029201488941907883,0.5854650437831879,0.6944608092308044,0.7836256474256516,0.8960833668708801,1.5005818605422974
pole|stride32,unknown,43,0.12928876772436293,0.12484454046847335,0.010135275311768055,0.017073054797947407,0.07903452217578888,0.2649346739053726,0.31964739561080935,0.40354347229003906,0.1155001476926859,0.12408625226508793,0.0021470694337040186,0.01174573227763176,0.04439753293991089,0.22807757556438446,0.2965278625488282,0.47566840052604675,0.04921189953334803,0.08419256166156038,0.0,0.0,0.008672324940562248,0.056475481018424034,0.147863918542862,0.3721548020839691,0.6665341770926188,0.11898507058813189,0.5001544952392578,0.5704009830951691,0.6551249623298645,0.7298096120357513,0.8347386717796326,0.9283471703529358,0.6665341770926188,0.11898507058813189,0.5001544952392578,0.5704009830951691,0.6551249623298645,0.7298096120357513,0.8347386717796326,0.9283471703529358,0.005320589669323919,0.020998516930592594,1.5387484381790273e-05,0.00034256571962032467,0.0010221772827208042,0.0018279518699273467,0.005948400404304273,0.13952480256557465,-0.013788620074994342,0.036917463494493825,-0.09698675572872162,-0.02269375417381525,-0.007828446105122566,-0.002012006938457489,0.0048594269901514105,0.14438685774803162,0.7812415375265964,0.2838870994644161,0.18093588948249817,0.6126982867717743,0.8344677090644836,0.951130747795105,1.0394322872161865,1.4358433485031128
pole|stride8,unknown,1279,0.1086237249761948,0.12256432004565865,0.01000991277396679,0.019005604088306427,0.0592443123459816,0.15234527736902237,0.2871207833290101,0.6774873733520508,0.08326343806756134,0.12062157196683564,0.0003528497472871095,0.006826584925875068,0.03327038139104843,0.10167792439460754,0.25360681414604214,0.6840989589691162,0.018300922278021197,0.04530597338849461,0.0,0.0,0.0,0.016666772775352,0.060125709325075154,0.4640885293483734,0.6500520557514665,0.1000682457618457,0.5000755190849304,0.5704312920570374,0.6383589506149292,0.7057188749313354,0.7940417647361756,0.952298104763031,0.6500520557514665,0.1000682457618457,0.5000755190849304,0.5704312920570374,0.6383589506149292,0.7057188749313354,0.7940417647361756,0.952298104763031,0.0070377248116064795,0.058126879446519064,2.3701009013166185e-06,7.629911851836368e-05,0.0001836570299929008,0.0004807050136150792,0.0011427516117691995,0.8036838173866272,-0.0253602869035363,0.042385171352137124,-0.4289838373661041,-0.04185012727975845,-0.01559779979288578,-0.008535025641322136,0.0030463874340057643,0.18250060081481934,0.5755607161752477,0.30063775009736043,0.01932312361896038,0.35861796140670776,0.5109347105026245,0.7434941232204437,1.0167536973953248,1.7760779857635498
pull_cart|stride16,unknown,65,0.1845808019861579,0.18369500369257136,0.010065711103379726,0.045171454548835754,0.11219317466020584,0.2856917977333069,0.4622235596179962,0.7679736018180847,0.06334923157208742,0.07486779135020832,0.00027046134346164763,0.008900797925889492,0.034005846828222275,0.08795741945505142,0.1793294876813889,0.3209177255630493,0.16686756917490408,0.1227804021094085,0.0,0.06333807855844498,0.15173117816448212,0.256314218044281,0.3246951103210449,0.4626440703868866,0.7458729798977192,0.14445342433458525,0.5043492913246155,0.6153230667114258,0.7182767987251282,0.8788978457450867,0.9542076230049134,0.9840739369392395,0.7458729798977192,0.14445342433458525,0.5043492913246155,0.6153230667114258,0.7182767987251282,0.8788978457450867,0.9542076230049134,0.9840739369392395,0.025642934183493848,0.04502324558977321,3.9126771298469976e-05,0.0025383024476468563,0.0048650228418409824,0.0386555939912796,0.055137237161397935,0.2741723656654358,-0.1212315708398819,0.13944368596544185,-0.6087219715118408,-0.16592036187648773,-0.07439496368169785,-0.02990049496293068,-0.010232807137072085,0.06894643604755402,0.3276245304884819,0.27622180131178076,0.026869570836424828,0.1730516105890274,0.23224350810050964,0.4014647603034973,0.6331130743026737,1.4154971837997437
pull_cart|stride32,unknown,28,0.10904281263771866,0.08443423923523762,0.010267230682075024,0.042382532730698586,0.08211842551827431,0.1540236473083496,0.2305313602089882,0.3252854347229004,0.02768290132475418,0.031347542267479156,0.000894527358468622,0.007609944208525121,0.018914785236120224,0.03614537790417671,0.05621293112635613,0.16106028854846954,0.23708537334044064,0.1467683199171738,0.0,0.11763467267155647,0.2492191642522812,0.36835813522338867,0.42288478016853337,0.46681609749794006,0.7823540504489627,0.13948245900659054,0.5007795095443726,0.6710503101348877,0.7877033948898315,0.9136001020669937,0.9446486294269562,0.9914525151252747,0.7823540504489627,0.13948245900659054,0.5007795095443726,0.6710503101348877,0.7877033948898315,0.9136001020669937,0.9446486294269562,0.9914525151252747,0.07616557097636749,0.13270660654225147,6.3688239606563e-06,0.005112513550557196,0.011219393461942673,0.057423586025834084,0.28353991210460666,0.5594717264175415,-0.08135991164350084,0.06145611041614094,-0.2178143858909607,-0.12077600881457329,-0.04931655153632164,-0.033702014945447445,-0.012660719081759452,-0.008248352445662022,0.23725400266370603,0.11014335956534084,0.05498466268181801,0.15449361130595207,0.21040092408657074,0.3071225956082344,0.3757009387016296,0.49513524770736694
pull_cart|stride8,unknown,14,0.057462930612798245,0.04697483202322751,0.011601910926401615,0.018004618119448423,0.03493660222738981,0.09805355966091156,0.12728214859962467,0.14894483983516693,0.014038399394069399,0.01451108234081245,0.002020689193159342,0.003047474834602326,0.007785813417285681,0.020487016066908836,0.02481250036507845,0.05753091350197792,0.06039449258865456,0.07980379432105042,0.0,0.0005641661773552187,0.032290343195199966,0.08113150671124458,0.1860005378723146,0.2512282729148865,0.7233567663601467,0.14513859225102768,0.5281766653060913,0.5852203220129013,0.7053943276405334,0.8589314520359039,0.9044330894947052,0.9422127604484558,0.7233567663601467,0.14513859225102768,0.5281766653060913,0.5852203220129013,0.7053943276405334,0.8589314520359039,0.9044330894947052,0.9422127604484558,0.051636036044718434,0.055130635984065764,0.0004739970900118351,0.0028445852221921086,0.03134062048047781,0.07801586389541626,0.13424661681056027,0.16609735786914825,-0.04342453188395926,0.03553124768168261,-0.10971210896968842,-0.07602805458009243,-0.030009929090738297,-0.014775141142308712,-0.009738125279545781,-0.00011924002319574356,0.2681923487356731,0.21877608859032235,0.07292468845844269,0.16669388860464096,0.2154337838292122,0.2979509010910988,0.3703756213188172,0.992090106010437
road_roller|stride16,unknown,50,0.23227404767647386,0.18009462079621735,0.012032872997224331,0.061634235084056854,0.22829216718673706,0.35268616676330566,0.5037819206714631,0.6622408032417297,0.12267943816259504,0.09922588927282955,0.005465618334710598,0.023767724633216858,0.10779521614313126,0.1823938637971878,0.28050501346588136,0.31865987181663513,0.07580885676434264,0.12305526064947321,0.0,0.0,0.0396250169724226,0.07510615140199661,0.25477954745292664,0.4860886335372925,0.8194453060626984,0.14808764254627127,0.500690758228302,0.6935016363859177,0.8766687512397766,0.9435579925775528,0.9665347933769226,0.9816159605979919,0.8194453060626984,0.14808764254627127,0.500690758228302,0.6935016363859177,0.8766687512397766,0.9435579925775528,0.9665347933769226,0.9816159605979919,0.03517575077537913,0.050078846710883515,8.813702152110636e-05,0.002257502404972911,0.008285598596557975,0.04014371056109667,0.09734917134046554,0.20800700783729553,-0.10959460977464915,0.10820003974454942,-0.4268268048763275,-0.1442239060997963,-0.07220236212015152,-0.02606603456661105,-0.009662053547799587,-0.006567254662513733,0.5127726826071739,0.18063832864298024,0.19250592589378357,0.44892239570617676,0.538210541009903,0.5911720395088196,0.6952190935611726,0.8642681837081909
road_roller|stride32,unknown,21,0.1853198309295944,0.2206659075995092,0.010031222365796566,0.013358370400965214,0.1358102709054947,0.26845604181289673,0.4926741421222687,0.6872111558914185,0.12886548720832383,0.1706835401359741,0.0024323295801877975,0.0037924516946077347,0.05845801159739494,0.17913490533828735,0.4456939995288849,0.5391294360160828,0.11418838914306391,0.17310525778478705,0.0,0.0,0.004530200734734535,0.18446438014507294,0.4489074647426605,0.46725043654441833,0.6964798967043558,0.16977597788986223,0.5179462432861328,0.5707158446311951,0.6193933486938477,0.8927943110466003,0.9586477279663086,0.9952390789985657,0.6964798967043558,0.16977597788986223,0.5179462432861328,0.5707158446311951,0.6193933486938477,0.8927943110466003,0.9586477279663086,0.9952390789985657,0.01150618887502441,0.02016071747410661,4.3216846279392485e-06,0.00037585364771075547,0.0010017013410106301,0.01601773500442505,0.0504649318754673,0.07131924480199814,-0.05645434354387578,0.11073053067413817,-0.3135392367839813,-0.1295974999666214,-0.009870095178484917,-0.007494952529668808,0.0440526157617569,0.13014322519302368,0.5495944349538713,0.38674745548509865,0.20432576537132263,0.2775801420211792,0.3635971248149872,0.7845178842544556,1.3243688344955444,1.4124319553375244
road_roller|stride8,unknown,10,0.09232215294614435,0.0929884609338109,0.010010848753154278,0.021405006060376763,0.05326249077916145,0.1058004330843687,0.24877506792545317,0.2884645462036133,0.027157914062263443,0.02910616812345472,0.0007175366044975817,0.0037627127312589437,0.02136396337300539,0.03007776476442814,0.05933858044445513,0.09995922446250916,0.04173820521682501,0.052641413952503845,0.0,0.0,0.0042174579575657845,0.09886849950999022,0.11524430960416793,0.12737013399600983,0.6738061606884003,0.1175421761140946,0.5751277804374695,0.5898825079202652,0.6050211787223816,0.7161910980939865,0.8442532777786255,0.9377623796463013,0.6738061606884003,0.1175421761140946,0.5751277804374695,0.5898825079202652,0.6050211787223816,0.7161910980939865,0.8442532777786255,0.9377623796463013,0.05580694563686848,0.08300116537276268,0.0017458699876442552,0.004418610187713057,0.017542961984872818,0.051112817134708166,0.17636340260505673,0.25920015573501587,-0.06516423877328634,0.06959294891626425,-0.23363937437534332,-0.082496402785182,-0.030736553482711315,-0.013866379857063293,-0.010613569244742395,-0.009293312206864357,0.27150579169392586,0.1677805263430398,0.07167590409517288,0.15790435671806335,0.19670485705137253,0.36355961859226227,0.5647081732749939,0.5647081732749939
street_cart|stride16,novel,1254,0.1464645331406125,0.17050554368758802,0.010185140185058117,0.02627412974834442,0.06777225807309151,0.21094484627246857,0.4255927473306656,0.840217649936676,0.04978451326137278,0.07082213634172593,0.0001724010071484372,0.00506483786739409,0.018431564792990685,0.06623446568846703,0.15034094005823137,0.6304067969322205,0.1242340693734875,0.12865430953065235,0.0,0.0,0.08732061833143234,0.21221644431352615,0.32511737048625955,0.4948253035545349,0.7562634116439728,0.14411135922805016,0.5004504323005676,0.6249076128005981,0.7710616290569305,0.8941803276538849,0.9394888043403625,0.9896852970123291,0.7562634116439728,0.14411135922805016,0.5004504323005676,0.6249076128005981,0.7710616290569305,0.8941803276538849,0.9394888043403625,0.9896852970123291,0.07450563887438398,0.13375041213766928,1.476724719395861e-05,0.00361441052518785,0.01468987250700593,0.08124780654907227,0.23868207633495356,0.8729392290115356,-0.09668001989266602,0.12042068925620673,-0.6805840134620667,-0.129023477435112,-0.043146438896656036,-0.018679568078368902,-0.010616425238549708,0.13787230849266052,0.30240521585848035,0.21055416621386905,0.01499022077769041,0.1515156850218773,0.24500776827335358,0.40335071086883545,0.5928600668907167,1.4041974544525146
street_cart|stride32,novel,243,0.1272178055151316,0.13053328132275172,0.010000173933804035,0.023606831207871437,0.07179856300354004,0.2100609987974167,0.3620779633522034,0.5156346559524536,0.05287839405534697,0.06691751008485798,0.000517903477884829,0.004982993472367525,0.021243810653686523,0.08125951886177063,0.1413529425859452,0.3587917387485504,0.14760538405408688,0.13544406928604938,0.0,0.014045042917132378,0.12945908308029175,0.23887716978788376,0.3498091876506806,0.4852052628993988,0.7835749755670995,0.15161004808355028,0.5001620650291443,0.6455475687980652,0.8168358206748962,0.923431009054184,0.9667630076408387,0.9918090105056763,0.7835749755670995,0.15161004808355028,0.5001620650291443,0.6455475687980652,0.8168358206748962,0.923431009054184,0.9667630076408387,0.9918090105056763,0.03883034890001699,0.09058137930720564,2.9040481877018465e-06,0.0020682838512584567,0.01044491957873106,0.03052863571792841,0.0902955830097199,0.8457444906234741,-0.07433941129043146,0.08046027256150388,-0.3748725652694702,-0.10753568261861801,-0.03821365162730217,-0.016366837546229362,-0.01070176064968109,0.011228866875171661,0.34048234287327456,0.18585065205932852,0.03118107281625271,0.19713744521141052,0.31721457839012146,0.43669751286506653,0.5895801782608032,1.1025242805480957
street_cart|stride8,novel,304,0.07224363300912573,0.08722315445871139,0.01017009001225233,0.01716143498197198,0.039197856560349464,0.08417002111673355,0.18539596945047368,0.47393253445625305,0.026324358554790563,0.048535029155273746,0.00032669358188286424,0.003447016002610326,0.008148414548486471,0.02258230885490775,0.07919740602374072,0.3554285168647766,0.10677234178307883,0.11868491740110916,0.0,0.0,0.0695040114223957,0.17239707708358765,0.28587403297424313,0.48087048530578613,0.6801129803061485,0.13053851651243084,0.5001060962677002,0.5614432692527771,0.6607324481010437,0.7821903377771378,0.8772307515144347,0.9848214387893677,0.6801129803061485,0.13053851651243084,0.5001060962677002,0.5614432692527771,0.6607324481010437,0.7821903377771378,0.8772307515144347,0.9848214387893677,0.057861680143655815,0.10394641097344892,3.127546369796619e-05,0.0029242890304885805,0.015907807275652885,0.05980441812425852,0.1582615628838538,0.636508047580719,-0.045919274742788584,0.056136632803757025,-0.3870002031326294,-0.05969946179538965,-0.02484203688800335,-0.012678701663389802,-0.009386350400745869,0.005585886538028717,0.28062917368094387,0.20603459263683674,0.018577080219984055,0.12299818731844425,0.2229447364807129,0.3799525871872902,0.5832551836967468,1.1240638494491577
tanker_vehicle|stride16,novel,319,0.3268987679194227,0.27120861772356764,0.010035750456154346,0.07324080914258957,0.2670137882232666,0.5593288242816925,0.7428794741630553,0.918707013130188,0.24145076073150348,0.2525440241942335,0.0004868581017944962,0.03953966312110424,0.1366475224494934,0.3945525139570236,0.6942657232284545,0.8454582691192627,0.03952076535295014,0.06797652137057777,0.0,0.0,0.0,0.06669921800494194,0.13685473203659057,0.46970877051353455,0.8160728206828843,0.14303938763667304,0.5000655055046082,0.6995784640312195,0.8734170794487,0.9382238984107971,0.9609009861946106,0.9877942800521851,0.8160728206828843,0.14303938763667304,0.5000655055046082,0.6995784640312195,0.8734170794487,0.9382238984107971,0.9609009861946106,0.9877942800521851,0.05634920632288345,0.13251738838669794,9.96863491309341e-06,0.000979105127044022,0.0059495968744158745,0.03713284432888031,0.16881465911865234,0.9000402092933655,-0.08544800693729782,0.1422108665206194,-0.7049248218536377,-0.13358553498983383,-0.037447936832904816,-0.003826773725450039,0.04934684038162229,0.2003229707479477,0.6968135758533747,0.35754518387909123,0.028141982853412628,0.4300425201654434,0.6432427167892456,0.9657725691795349,1.1284782648086549,1.8660858869552612
tanker_vehicle|stride32,novel,72,0.27580843546376044,0.22045919263786187,0.010095775127410889,0.04629604518413544,0.25123700499534607,0.43270785361528397,0.5960692942142486,0.7567518353462219,0.19736558078956376,0.19604895225367944,0.00374218518845737,0.032817211002111435,0.11353931203484535,0.36207179725170135,0.49916593432426454,0.6846257448196411,0.03212017591997412,0.04935509384753295,0.0,0.0,0.01423025457188487,0.03738618455827236,0.09571712613105772,0.24211537837982178,0.7919641393754218,0.17729744294814762,0.5002443194389343,0.6125086843967438,0.7832692265510559,0.961453765630722,0.982031124830246,0.990669310092926,0.7919641393754218,0.17729744294814762,0.5002443194389343,0.6125086843967438,0.7832692265510559,0.961453765630722,0.982031124830246,0.990669310092926,0.09846083804398455,0.2193871963791915,8.481083568767644e-06,0.00018790318790706806,0.002372895833104849,0.0467823501676321,0.48093539178371425,0.8687997460365295,-0.0784428546903655,0.12877789854471675,-0.36532652378082275,-0.1662428230047226,-0.025033429265022278,-0.003308752551674843,0.026559382677078247,0.21419844031333923,0.7216367801237438,0.40578242625775035,0.1094391942024231,0.3458458110690117,0.7457921206951141,0.9676188081502914,1.2176938891410827,1.653781771659851
tanker_vehicle|stride8,novel,130,0.16590723603104168,0.15366169389178738,0.010014156810939312,0.020862719975411892,0.11109484732151031,0.28290437161922455,0.38875188529491433,0.5695889592170715,0.08509741628826864,0.10822369612782567,0.0001122187968576327,0.004428680986166,0.03175788838416338,0.13932716473937035,0.23818791061639794,0.46129971742630005,0.047434295803451765,0.06703982081962412,0.0,0.0,0.0016143328975886106,0.09212838672101498,0.15223019570112228,0.2821616232395172,0.7586356034645667,0.15564062647218,0.5051564574241638,0.5852076262235641,0.8161369860172272,0.8910086154937744,0.9360830843448639,0.9840945601463318,0.7586356034645667,0.15564062647218,0.5051564574241638,0.5852076262235641,0.8161369860172272,0.8910086154937744,0.9360830843448639,0.9840945601463318,0.025284212882699927,0.05160002721771079,2.750084240688011e-05,0.001557082956423983,0.00713054183870554,0.023791975807398558,0.06375710666179657,0.3215779662132263,-0.08080981962311153,0.07746420247554868,-0.3493480682373047,-0.14411520957946777,-0.05448248237371445,-0.014728310285136104,-0.009852548036724326,0.05928066372871399,0.36642184550515733,0.25850586619587357,0.010047988034784794,0.1610802710056305,0.29872603714466095,0.5366526991128922,0.6903570413589478,1.201850175857544
tractor|stride16,unknown,410,0.25885398384501657,0.2543119273411541,0.010061720386147499,0.032400275580585,0.1423574537038803,0.4634697362780571,0.6631733179092407,0.9047999978065491,0.11379430736542862,0.1515975829439887,0.0004187242011539638,0.009420694317668676,0.0422146450728178,0.1537889577448368,0.3866518020629885,0.6760441064834595,0.034350252929200395,0.05733407781698563,0.0,0.0,0.0,0.052080932073295116,0.11069368198513985,0.30834323167800903,0.7666439629182583,0.1493272290244389,0.5010623335838318,0.6276527643203735,0.7871269583702087,0.9065629839897156,0.9540492534637451,0.991252064704895,0.7666439629182583,0.1493272290244389,0.5010623335838318,0.6276527643203735,0.7871269583702087,0.9065629839897156,0.9540492534637451,0.991252064704895,0.07726846766413806,0.1373721464438956,9.093082553590648e-06,0.004379807505756617,0.021923435851931572,0.07318528741598129,0.21136818826198578,0.8395061492919922,-0.1450596763298097,0.14525741270479736,-0.5802413821220398,-0.2566511034965515,-0.08933783322572708,-0.02036099461838603,-0.010231632739305496,0.04754817485809326,0.3645098406548907,0.22433490804576042,0.03922377526760101,0.2070167139172554,0.3110904097557068,0.4960622191429138,0.6365218997001654,1.7393507957458496
tractor|stride32,unknown,188,0.1905084868169766,0.16709729219200145,0.010202537290751934,0.03518666233867407,0.13920756429433823,0.3273691385984421,0.4268401056528092,0.7364527583122253,0.07202056082036158,0.10069326427837669,0.000591148913372308,0.007672094507142901,0.037275686860084534,0.09577554650604725,0.19662891328334808,0.7615945935249329,0.0404817572134755,0.0650381702289523,0.0,0.0,0.005150968674570322,0.06639068573713303,0.11136358007788665,0.37720850110054016,0.8005958548251618,0.15453324450957504,0.5068178772926331,0.6609532684087753,0.8470893204212189,0.9360101222991943,0.9698078155517579,0.9965991377830505,0.8005958548251618,0.15453324450957504,0.5068178772926331,0.6609532684087753,0.8470893204212189,0.9360101222991943,0.9698078155517579,0.9965991377830505,0.05665685483763277,0.12277644844077178,2.105269459207193e-06,0.0008647858048789203,0.005018611205741763,0.044193061999976635,0.17861315906047823,0.6967092752456665,-0.11848792568483252,0.11939405471028891,-0.46284475922584534,-0.20229821652173996,-0.07304868474602699,-0.018824130296707153,-0.008827280066907405,0.07449238002300262,0.35312319148648924,0.2654900021833363,0.03181466460227966,0.14451678097248077,0.28221552073955536,0.49480675160884857,0.6963127553462983,1.5347979068756104
tractor|stride8,unknown,94,0.10680765282124915,0.09990754071678748,0.010098540224134922,0.018909990787506104,0.06867020949721336,0.17759982496500015,0.23735649585723878,0.41409850120544434,0.021999327316657304,0.026632435765676993,0.0002431287575745955,0.003248849476221949,0.008565427735447884,0.03412545192986727,0.0573572400957346,0.13614359498023987,0.038767204302898116,0.06396038000578262,0.0,0.0,0.0,0.05341871175915003,0.1448121815919876,0.26003262400627136,0.7179099238933401,0.1294523813559269,0.5020943284034729,0.6222225427627563,0.7214811146259308,0.804120197892189,0.9009155631065369,0.9629458785057068,0.7179099238933401,0.1294523813559269,0.5020943284034729,0.6222225427627563,0.7214811146259308,0.804120197892189,0.9009155631065369,0.9629458785057068,0.09672255271165185,0.1362653119902221,0.00031644655973650515,0.0076933043310418725,0.03681068308651447,0.13473309203982353,0.2434493288397789,0.7807733416557312,-0.08480832508784976,0.08190481054493913,-0.3714783191680908,-0.13933417201042175,-0.04684331268072128,-0.013847638154402375,-0.009575725812464953,-0.0007170587778091431,0.19893234633305606,0.16185025819621712,0.017298730090260506,0.07673198357224464,0.15017705410718918,0.27667277306318283,0.40005503296852124,0.9628996253013611
truck|stride16,novel,20255,0.3404906861228403,0.3131139812811717,0.010000446811318398,0.03402666933834553,0.2379530668258667,0.6520216464996338,0.7973775744438173,0.9623361229896545,0.2774226534605208,0.28621529129107126,4.912646909360774e-05,0.01802227646112442,0.15307244658470154,0.5171864330768585,0.7352069258689882,0.9708443880081177,0.06559278998376504,0.09571600764395896,0.0,0.0,0.015864834189414978,0.10369117558002472,0.20598816275596624,0.49979284405708313,0.8028306981599704,0.15496940759444736,0.5000193119049072,0.6580030620098114,0.8649842739105225,0.9390522837638855,0.9644678831100464,0.9957424998283386,0.8028306981599704,0.15496940759444736,0.5000193119049072,0.6580030620098114,0.8649842739105225,0.9390522837638855,0.9644678831100464,0.9957424998283386,0.04641197612471132,0.11641175592431592,3.71687519873376e-07,0.0006082881009206176,0.0051475511863827705,0.030362398363649845,0.12089520841836947,0.9816666841506958,-0.0630680326706199,0.12900224942042565,-0.8018115162849426,-0.10151765123009682,-0.018470637500286102,-0.0020674713887274265,0.04500464498996741,0.3693810701370239,0.7382307985639124,0.4045591757067387,0.0023745684884488583,0.4369688332080841,0.7476945519447327,0.9824820756912231,1.1809388160705574,5.800448894500732
truck|stride32,novel,11623,0.3053737070920574,0.2312344861233737,0.010007177479565144,0.05832556262612343,0.30529266595840454,0.5064468383789062,0.6107215762138367,0.8995817303657532,0.27409944061093733,0.2501378119047891,0.00015433762746397406,0.029641038738191128,0.22495539486408234,0.4724957197904587,0.6448835968971254,0.9522089958190918,0.045056819921620486,0.08300308246063001,0.0,0.0,0.007083927281200886,0.05101984180510044,0.14485054612159762,0.49907854199409485,0.8400471454682884,0.15566243286271725,0.5005978941917419,0.7119835019111633,0.9126595258712769,0.9691108167171478,0.98454749584198,0.9987380504608154,0.8400471454682884,0.15566243286271725,0.5005978941917419,0.7119835019111633,0.9126595258712769,0.9691108167171478,0.98454749584198,0.9987380504608154,0.03081081866323591,0.10869078378577163,7.498730951738253e-07,0.0005113488878123462,0.002140474272891879,0.009123861324042082,0.04737372249364863,0.9692728519439697,-0.03127426645450648,0.11133242038558815,-0.7159281373023987,-0.06685974821448326,-0.014955269172787666,0.012331068515777588,0.09092158079147339,0.32847872376441956,0.7723389295873946,0.3777314968543317,0.014347904361784458,0.47806812822818756,0.8065981268882751,1.0399561524391174,1.222741723060608,2.724661111831665
truck|stride8,novel,29178,0.10927696245846254,0.1280531917666927,0.010000835172832012,0.018953775987029076,0.047590097412467,0.15826701745390892,0.3138788521289825,0.7222544550895691,0.06181799993746908,0.103366978647149,0.00016922492068260908,0.0037948342505842447,0.014801363926380873,0.07100565358996391,0.19486362934112547,0.7862582206726074,0.06597910372800692,0.09628936988379129,0.0,0.0,0.016052872873842716,0.10362802445888519,0.20722141116857523,0.49969106912612915,0.7625256893841363,0.13386493944266403,0.5000230669975281,0.6504148840904236,0.7863344550132751,0.8787579387426376,0.9242889285087585,0.9948044419288635,0.7625256893841363,0.13386493944266403,0.5000230669975281,0.6504148840904236,0.7863344550132751,0.8787579387426376,0.9242889285087585,0.9948044419288635,0.07015281035351703,0.11649462572783148,1.0250641935272142e-06,0.004524750169366598,0.02086818218231201,0.0801845658570528,0.20768306553363797,0.9864310622215271,-0.047458962499620415,0.06730472460324396,-0.5277654528617859,-0.06282016634941101,-0.021916097030043602,-0.01114350138232112,-0.006604916416108608,0.30004915595054626,0.40573761272761877,0.3195200483118094,0.0066929166205227375,0.1581052541732788,0.3077034652233124,0.5729347169399261,0.872182661294937,2.5760841369628906
